name,hex,link
अन्तर्राष्ट्रीय क्लेन नीला,#002fa7,https://hi.wikipedia.org/wiki/%E0%A4%85%E0%A4%A8%E0%A5%8D%E0%A4%A4%E0%A4%B0%E0%A5%8D%E0%A4%B0%E0%A4%BE%E0%A4%B7%E0%A5%8D%E0%A4%9F%E0%A5%8D%E0%A4%B0%E0%A5%80%E0%A4%AF_%E0%A4%95%E0%A5%8D%E0%A4%B2%E0%A5%87%E0%A4%A8_%E0%A4%A8%E0%A5%80%E0%A4%B2%E0%A4%BE
अन्तर्राष्ट्रीय नारंगी,#ff4f00,https://hi.wikipedia.org/wiki/%E0%A4%85%E0%A4%A8%E0%A5%8D%E0%A4%A4%E0%A4%B0%E0%A5%8D%E0%A4%B0%E0%A4%BE%E0%A4%B7%E0%A5%8D%E0%A4%9F%E0%A5%8D%E0%A4%B0%E0%A5%80%E0%A4%AF_%E0%A4%A8%E0%A4%BE%E0%A4%B0%E0%A4%82%E0%A4%97%E0%A5%80_(%E0%A4%B0%E0%A4%82%E0%A4%97)
अर्धरात्रि नीला,#003366,meodai
आडू़,#ffe5b4,meodai
आडू़-नारंगी,#ffcc99,https://hi.wikipedia.org/wiki/%E0%A4%86%E0%A4%A1%E0%A5%82%E0%A4%BC_(%E0%A4%B0%E0%A4%82%E0%A4%97)#%E0%A4%86%E0%A4%A1%E0%A5%82%E0%A4%BC-%E0%A4%A8%E0%A4%BE%E0%A4%B0%E0%A4%82%E0%A4%97%E0%A5%80
आडू़-पीला,#fadfad,https://hi.wikipedia.org/wiki/%E0%A4%86%E0%A4%A1%E0%A5%82%E0%A4%BC_(%E0%A4%B0%E0%A4%82%E0%A4%97)#%E0%A4%86%E0%A4%A1%E0%A5%82%E0%A4%BC-%E0%A4%AA%E0%A5%80%E0%A4%B2%E0%A4%BE
आसमानी,#87ceeb,meodai
इंडिगो,#4b0082,https://hi.wikipedia.org/wiki/%E0%A4%87%E0%A4%82%E0%A4%A1%E0%A4%BF%E0%A4%97%E0%A5%8B#%E0%A4%87%E0%A4%82%E0%A4%A1%E0%A4%BF%E0%A4%97%E0%A5%8B_(%E0%A4%B5%E0%A5%87%E0%A4%AC)
इंडिगो डाई,#00416a,https://hi.wikipedia.org/wiki/%E0%A4%87%E0%A4%82%E0%A4%A1%E0%A4%BF%E0%A4%97%E0%A5%8B
इस्पात नीला,#4682b4,https://hi.wikipedia.org/wiki/%E0%A4%A8%E0%A5%80%E0%A4%B2%E0%A4%BE#%E0%A4%87%E0%A4%B8%E0%A5%8D%E0%A4%AA%E0%A4%BE%E0%A4%A4_%E0%A4%A8%E0%A5%80%E0%A4%B2%E0%A4%BE
इस्लामिक हरा,#009000,https://hi.wikipedia.org/wiki/%E0%A4%B9%E0%A4%B0%E0%A4%BE_%E0%A4%B5%E0%A4%B0%E0%A5%8D%E0%A4%A3_%E0%A4%95%E0%A5%87_%E0%A4%AA%E0%A4%B0%E0%A4%BF%E0%A4%B5%E0%A4%B0%E0%A5%8D%E0%A4%A4%E0%A4%A8#%E0%A4%87%E0%A4%B8%E0%A5%8D%E0%A4%B2%E0%A4%BE%E0%A4%AE%E0%A4%BF%E0%A4%95_%E0%A4%B9%E0%A4%B0%E0%A4%BE
उज्ज्वल फिरोजी़,#08e8de,https://hi.wikipedia.org/wiki/%E0%A4%95%E0%A5%8D%E0%A4%AF%E0%A4%BE%E0%A4%A8_(%E0%A4%B0%E0%A4%82%E0%A4%97)#%E0%A4%AB%E0%A5%80%E0%A4%B0%E0%A5%8B%E0%A4%9C%E0%A5%80
उज्ज्वल हरा,#66ff00,https://hi.wikipedia.org/wiki/%E0%A4%89%E0%A4%9C%E0%A5%8D%E0%A4%9C%E0%A5%8D%E0%A4%B5%E0%A4%B2_%E0%A4%B9%E0%A4%B0%E0%A4%BE
ऊष्म गुलाबी,#ff69b4,https://hi.wikipedia.org/wiki/%E0%A4%97%E0%A5%81%E0%A4%B2%E0%A4%BE%E0%A4%AC%E0%A5%80#%E0%A4%B5%E0%A5%87%E0%A4%AC_%E0%A4%B0%E0%A4%82%E0%A4%97_%E0%A4%8A%E0%A4%B7%E0%A5%8D%E0%A4%AE_%E0%A4%AA%E0%A4%BF%E0%A4%82%E0%A4%95
ऊष्म रानी,#ff00cc,https://hi.wikipedia.org/wiki/%E0%A4%B0%E0%A4%BE%E0%A4%A8%E0%A5%80_(%E0%A4%B0%E0%A4%82%E0%A4%97)
एक्रू,#c2b280,https://hi.wikipedia.org/wiki/%E0%A4%8F%E0%A4%95%E0%A5%8D%E0%A4%B0%E0%A5%82
एक्वुआ या जलीय,#00ffff,https://hi.wikipedia.org/wiki/%E0%A4%8F%E0%A4%95%E0%A5%8D%E0%A4%B5%E0%A5%81%E0%A4%86_(%E0%A4%B0%E0%A4%82%E0%A4%97)
एक्वुआमरीन,#7fffd4,https://hi.wikipedia.org/wiki/%E0%A4%8F%E0%A4%95%E0%A5%8D%E0%A4%B5%E0%A5%81%E0%A4%86%E0%A4%AE%E0%A4%B0%E0%A5%80%E0%A4%A8_(%E0%A4%B0%E0%A4%82%E0%A4%97)
एलिस नीला,#f0f8ff,https://hi.wikipedia.org/wiki/%E0%A4%8F%E0%A4%B2%E0%A4%BF%E0%A4%B8_%E0%A4%A8%E0%A5%80%E0%A4%B2%E0%A4%BE
एलीजा़रिन,#e32636,https://hi.wikipedia.org/wiki/%E0%A4%8F%E0%A4%B2%E0%A5%80%E0%A4%9C%E0%A4%BE%E0%A4%BC%E0%A4%B0%E0%A4%BF%E0%A4%A8
एस्पैरागस सलेटी,#465945,https://hi.wikipedia.org/wiki/%E0%A4%8F%E0%A4%B8%E0%A5%8D%E0%A4%AA%E0%A5%88%E0%A4%B0%E0%A4%BE%E0%A4%97%E0%A4%B8_%E0%A4%B8%E0%A4%B2%E0%A5%87%E0%A4%9F%E0%A5%80
ऐज़्योर,#0080ff,https://hi.wikipedia.org/wiki/%E0%A4%90%E0%A4%9C%E0%A4%BC%E0%A5%8D%E0%A4%AF%E0%A5%8B%E0%A4%B0_(%E0%A4%B0%E0%A4%82%E0%A4%97)
ऐज्योर वेब,#f0ffff,https://hi.wikipedia.org/wiki/%E0%A4%90%E0%A4%9C%E0%A5%8D%E0%A4%AF%E0%A5%8B%E0%A4%B0_(%E0%A4%B5%E0%A5%87%E0%A4%AC_%E0%A4%B0%E0%A4%82%E0%A4%97)
ऐमारैंथ,#e52b50,https://hi.wikipedia.org/wiki/%E0%A4%90%E0%A4%AE%E0%A4%BE%E0%A4%B0%E0%A5%88%E0%A4%82%E0%A4%A5_(%E0%A4%B0%E0%A4%82%E0%A4%97)
ऐस्पैरागस,#7ba05b,https://hi.wikipedia.org/wiki/%E0%A4%90%E0%A4%B8%E0%A5%8D%E0%A4%AA%E0%A5%88%E0%A4%B0%E0%A4%BE%E0%A4%97%E0%A4%B8_(%E0%A4%B0%E0%A4%82%E0%A4%97)
ऑफिस हरा,#008000,https://hi.wikipedia.org/wiki/%E0%A4%B9%E0%A4%B0%E0%A4%BE#%E0%A4%91%E0%A4%AB%E0%A4%BF%E0%A4%B8_%E0%A4%B9%E0%A4%B0%E0%A4%BE
ऑर्किड,#da70d6,https://hi.wikipedia.org/wiki/%E0%A4%91%E0%A4%B0%E0%A5%8D%E0%A4%95%E0%A4%BF%E0%A4%A1_(%E0%A4%B0%E0%A4%82%E0%A4%97)
ओलीवाइन,#9ab973,https://hi.wikipedia.org/wiki/%E0%A4%93%E0%A4%B2%E0%A5%80%E0%A4%B5%E0%A4%BE%E0%A4%87%E0%A4%A8
औबर्न,#6d351a,https://hi.wikipedia.org/wiki/%E0%A4%94%E0%A4%AC%E0%A4%B0%E0%A5%8D%E0%A4%A8_(%E0%A4%B0%E0%A4%82%E0%A4%97)
कद्दू,#ff7518,https://hi.wikipedia.org/wiki/%E0%A4%95%E0%A4%A6%E0%A5%8D%E0%A4%A6%E0%A5%82_(%E0%A4%B0%E0%A4%82%E0%A4%97)
कलहंस,#008080,https://hi.wikipedia.org/wiki/%E0%A4%95%E0%A4%B2%E0%A4%B9%E0%A4%82%E0%A4%B8_(%E0%A4%B0%E0%A4%82%E0%A4%97)
कहरुवा,#ffbf00,https://hi.wikipedia.org/wiki/%E0%A4%A8%E0%A4%BE%E0%A4%B0%E0%A4%82%E0%A4%97%E0%A5%80_(%E0%A4%B0%E0%A4%82%E0%A4%97)#%E0%A4%95%E0%A4%B9%E0%A4%B0%E0%A5%81%E0%A4%B5%E0%A4%BE
कार्डिनल,#c41e3a,https://hi.wikipedia.org/wiki/%E0%A4%95%E0%A4%BE%E0%A4%B0%E0%A5%8D%E0%A4%A1%E0%A4%BF%E0%A4%A8%E0%A4%B2_(%E0%A4%B0%E0%A4%82%E0%A4%97)
कार्माइन,#960018,https://hi.wikipedia.org/wiki/%E0%A4%95%E0%A4%BE%E0%A4%B0%E0%A5%8D%E0%A4%AE%E0%A4%BE%E0%A4%87%E0%A4%A8_(%E0%A4%B0%E0%A4%82%E0%A4%97)
काला,#000000,https://hi.wikipedia.org/wiki/%E0%A4%95%E0%A4%BE%E0%A4%B2%E0%A4%BE
काँस्य,#cd7f32,https://hi.wikipedia.org/wiki/%E0%A4%95%E0%A4%BE%E0%A4%81%E0%A4%B8%E0%A5%8D%E0%A4%AF
किरमिज,#dc143c,https://hi.wikipedia.org/wiki/%E0%A4%95%E0%A4%BF%E0%A4%B0%E0%A4%AE%E0%A4%BF%E0%A4%9C
कॅपट मोर्टुअम,#592720,https://hi.wikipedia.org/wiki/%E0%A4%95%E0%A5%85%E0%A4%AA%E0%A4%9F_%E0%A4%AE%E0%A5%8B%E0%A4%B0%E0%A5%8D%E0%A4%9F%E0%A5%81%E0%A4%85%E0%A4%AE
केसरिया,#f4c430,https://hi.wikipedia.org/wiki/%E0%A4%95%E0%A5%87%E0%A4%B8%E0%A4%B0%E0%A4%BF%E0%A4%AF%E0%A4%BE_(%E0%A4%B0%E0%A4%82%E0%A4%97)
कैली हरा,#4cbb17,https://hi.wikipedia.org/wiki/%E0%A4%95%E0%A5%88%E0%A4%B2%E0%A5%80_%E0%A4%B9%E0%A4%B0%E0%A4%BE
कॉपर रोज़,#996666,https://hi.wikipedia.org/wiki/%E0%A4%B0%E0%A5%8B%E0%A4%9C%E0%A4%BC_(%E0%A4%B0%E0%A4%82%E0%A4%97)#%E0%A4%95%E0%A5%89%E0%A4%AA%E0%A4%B0_%E0%A4%B0%E0%A5%8B%E0%A4%9C%E0%A4%BC
कॉर्न,#fbec5d,https://hi.wikipedia.org/wiki/%E0%A4%95%E0%A5%89%E0%A4%B0%E0%A5%8D%E0%A4%A8_(%E0%A4%B0%E0%A4%82%E0%A4%97)
कॉर्नफ्लावर नीला,#6495ed,https://hi.wikipedia.org/wiki/%E0%A4%95%E0%A5%89%E0%A4%B0%E0%A5%8D%E0%A4%A8%E0%A4%AB%E0%A5%8D%E0%A4%B2%E0%A4%BE%E0%A4%B5%E0%A4%B0_%E0%A4%A8%E0%A5%80%E0%A4%B2%E0%A4%BE
कॉस्मिक लेट्ट,#fff8e7,https://hi.wikipedia.org/wiki/%E0%A4%95%E0%A5%89%E0%A4%B8%E0%A5%8D%E0%A4%AE%E0%A4%BF%E0%A4%95_%E0%A4%B2%E0%A5%87%E0%A4%9F%E0%A5%8D%E0%A4%9F
कोबाल्ट,#0047ab,https://hi.wikipedia.org/wiki/%E0%A4%95%E0%A5%8B%E0%A4%AC%E0%A4%BE%E0%A4%B2%E0%A5%8D%E0%A4%9F_(%E0%A4%B0%E0%A4%82%E0%A4%97)
क्यान,#01fefe,https://hi.wikipedia.org/wiki/%E0%A4%95%E0%A5%8D%E0%A4%AF%E0%A4%BE%E0%A4%A8
क्रीम,#fffdd0,https://hi.wikipedia.org/wiki/%E0%A4%95%E0%A5%8D%E0%A4%B0%E0%A5%80%E0%A4%AE
खाकी,#bdb76b,https://hi.wikipedia.org/wiki/%E0%A4%96%E0%A4%BE%E0%A4%95%E0%A5%80_(%E0%A4%B0%E0%A4%82%E0%A4%97)
खुबानी,#fbceb1,https://hi.wikipedia.org/wiki/%E0%A4%96%E0%A5%81%E0%A4%AC%E0%A4%BE%E0%A4%A8%E0%A5%80_(%E0%A4%B0%E0%A4%82%E0%A4%97)
गजदंती,#fffff0,https://hi.wikipedia.org/wiki/%E0%A4%97%E0%A4%9C%E0%A4%A6%E0%A4%82%E0%A4%A4%E0%A5%80_(%E0%A4%B0%E0%A4%82%E0%A4%97)
गहन लाइलैक,#9955bb,https://hi.wikipedia.org/wiki/%E0%A4%B2%E0%A4%BE%E0%A4%87%E0%A4%B2%E0%A5%88%E0%A4%95_(%E0%A4%B0%E0%A4%82%E0%A4%97)#%E0%A4%97%E0%A4%B9%E0%A4%A8_%E0%A4%B2%E0%A4%BE%E0%A4%87%E0%A4%B2%E0%A5%88%E0%A4%95
गहरा अखरोटी,#986960,https://hi.wikipedia.org/wiki/%E0%A4%B2%E0%A4%BE%E0%A4%B2#%E0%A4%AD%E0%A4%BE%E0%A4%B0%E0%A4%A4%E0%A5%80%E0%A4%AF_%E0%A4%B2%E0%A4%BE%E0%A4%B2
गहरा आडू़,#ffcba4,https://hi.wikipedia.org/wiki/%E0%A4%86%E0%A4%A1%E0%A5%82%E0%A4%BC_(%E0%A4%B0%E0%A4%82%E0%A4%97)#%E0%A4%97%E0%A4%B9%E0%A4%B0%E0%A4%BE_%E0%A4%86%E0%A4%A1%E0%A5%82%E0%A4%BC
गहरा केसरिया,#ffa812,https://hi.wikipedia.org/wiki/%E0%A4%97%E0%A4%B9%E0%A4%B0%E0%A4%BE_%E0%A4%95%E0%A5%87%E0%A4%B8%E0%A4%B0%E0%A4%BF%E0%A4%AF%E0%A4%BE
गहरा गुलाबी,#e75480,https://hi.wikipedia.org/wiki/%E0%A4%97%E0%A5%81%E0%A4%B2%E0%A4%BE%E0%A4%AC%E0%A5%80#%E0%A4%97%E0%A4%B9%E0%A4%B0%E0%A4%BE_%E0%A4%97%E0%A5%81%E0%A4%B2%E0%A4%BE%E0%A4%AC%E0%A5%80
गहरा गोल्डन रॉड,#b8860b,https://hi.wikipedia.org/wiki/%E0%A4%97%E0%A4%B9%E0%A4%B0%E0%A4%BE_%E0%A4%97%E0%A5%8B%E0%A4%B2%E0%A5%8D%E0%A4%A1%E0%A4%A8_%E0%A4%B0%E0%A5%89%E0%A4%A1
गहरा जामुनी लाल रंग-बरगंडी,#900020,https://hi.wikipedia.org/wiki/%E0%A4%AC%E0%A4%B0%E0%A4%97%E0%A4%82%E0%A4%A1%E0%A5%80_(%E0%A4%B0%E0%A4%82%E0%A4%97)
गहरा टैन / पीला भूरा,#918151,https://hi.wikipedia.org/wiki/%E0%A4%97%E0%A4%B9%E0%A4%B0%E0%A4%BE_%E0%A4%9F%E0%A5%88%E0%A4%A8_/_%E0%A4%AA%E0%A5%80%E0%A4%B2%E0%A4%BE_%E0%A4%AD%E0%A5%82%E0%A4%B0%E0%A4%BE
गहरा नीला,#0000c8,https://hi.wikipedia.org/wiki/%E0%A4%97%E0%A4%B9%E0%A4%B0%E0%A4%BE_%E0%A4%A8%E0%A5%80%E0%A4%B2%E0%A4%BE
गहरा पेस्टल हरा,#03c03c,https://hi.wikipedia.org/wiki/%E0%A4%B9%E0%A4%B0%E0%A4%BE
गहरा फिरोजी,#116062,https://hi.wikipedia.org/wiki/%E0%A4%97%E0%A4%B9%E0%A4%B0%E0%A4%BE_%E0%A4%AB%E0%A4%BF%E0%A4%B0%E0%A5%8B%E0%A4%9C%E0%A5%80
गहरा भूरा,#654321,https://hi.wikipedia.org/wiki/%E0%A4%AD%E0%A5%82%E0%A4%B0%E0%A4%BE#%E0%A4%97%E0%A4%B9%E0%A4%B0%E0%A4%BE_%E0%A4%AD%E0%A5%82%E0%A4%B0%E0%A4%BE
गहरा मूँगा,#cd5b45,https://hi.wikipedia.org/wiki/%E0%A4%AE%E0%A5%82%E0%A4%81%E0%A4%97%E0%A4%BE_(%E0%A4%B0%E0%A4%82%E0%A4%97)
गहरा वसंती हरा,#177245,https://hi.wikipedia.org/wiki/%E0%A4%B9%E0%A4%B0%E0%A4%BE#%E0%A4%97%E0%A4%B9%E0%A4%B0%E0%A4%BE_%E0%A4%B5%E0%A4%B8%E0%A4%82%E0%A4%A4%E0%A5%80_%E0%A4%B9%E0%A4%B0%E0%A4%BE
गहरा सेराइज,#da3287,https://hi.wikipedia.org/wiki/%E0%A4%B8%E0%A5%87%E0%A4%B0%E0%A4%BE%E0%A4%87%E0%A4%9C%E0%A4%BC_(%E0%A4%B0%E0%A4%82%E0%A4%97)#%E0%A4%97%E0%A4%B9%E0%A4%B0%E0%A4%BE_%E0%A4%B8%E0%A5%87%E0%A4%B0%E0%A4%BE%E0%A4%87%E0%A4%9C
गहरा सेरुलिअन,#08457e,https://hi.wikipedia.org/wiki/%E0%A4%B8%E0%A5%87%E0%A4%B0%E0%A5%81%E0%A4%B2%E0%A4%BF%E0%A4%AF%E0%A4%A8
गहरा स्लेटी,#2f4f4f,https://hi.wikipedia.org/wiki/%E0%A4%B8%E0%A4%B2%E0%A5%87%E0%A4%9F%E0%A5%80#%E0%A4%B5%E0%A5%87%E0%A4%AC_%E0%A4%B5%E0%A4%B0%E0%A5%8D%E0%A4%A3
गहरा हरा,#013220,https://hi.wikipedia.org/wiki/%E0%A4%B9%E0%A4%B0%E0%A4%BE
गुलाब,#ff007f,https://hi.wikipedia.org/wiki/%E0%A4%B0%E0%A5%8B%E0%A4%9C%E0%A4%BC_(%E0%A4%B0%E0%A4%82%E0%A4%97)
गुलाबी,#ffc0cb,https://hi.wikipedia.org/wiki/%E0%A4%97%E0%A5%81%E0%A4%B2%E0%A4%BE%E0%A4%AC%E0%A5%80
गुलाबी - नारंगी,#ff9966,https://hi.wikipedia.org/wiki/%E0%A4%97%E0%A5%81%E0%A4%B2%E0%A4%BE%E0%A4%AC%E0%A5%80_-_%E0%A4%A8%E0%A4%BE%E0%A4%B0%E0%A4%82%E0%A4%97%E0%A5%80
गुलाबी#गुलनार गुलाबी,#ffa6c9,https://hi.wikipedia.org/wiki/%E0%A4%97%E0%A5%81%E0%A4%B2%E0%A4%BE%E0%A4%AC%E0%A5%80#%E0%A4%97%E0%A5%81%E0%A4%B2%E0%A4%A8%E0%A4%BE%E0%A4%B0_%E0%A4%97%E0%A5%81%E0%A4%B2%E0%A4%BE%E0%A4%AC%E0%A5%80
गेरुआ,#cc7722,https://hi.wikipedia.org/wiki/%E0%A4%97%E0%A5%87%E0%A4%B0%E0%A5%81%E0%A4%86
गेंहुआ,#f5deb3,https://hi.wikipedia.org/wiki/%E0%A4%97%E0%A5%87%E0%A4%82%E0%A4%B9%E0%A5%81%E0%A4%86_(%E0%A4%B0%E0%A4%82%E0%A4%97)
गैम्बोज,#e49b0f,https://hi.wikipedia.org/wiki/%E0%A4%97%E0%A5%88%E0%A4%AE%E0%A5%8D%E0%A4%AC%E0%A5%8B%E0%A4%9C
गोल्डन रॉड,#daa520,https://hi.wikipedia.org/wiki/%E0%A4%97%E0%A5%8B%E0%A4%B2%E0%A5%8D%E0%A4%A1%E0%A4%A8_%E0%A4%B0%E0%A5%89%E0%A4%A1_(%E0%A4%B0%E0%A4%82%E0%A4%97)
चाय हरा,#d0f0c0,https://hi.wikipedia.org/wiki/%E0%A4%9A%E0%A4%BE%E0%A4%AF_%E0%A4%B9%E0%A4%B0%E0%A4%BE
चार्ट्रियूज,#7fff00,https://hi.wikipedia.org/wiki/%E0%A4%9A%E0%A4%BE%E0%A4%B0%E0%A5%8D%E0%A4%9F%E0%A5%8D%E0%A4%B0%E0%A4%BF%E0%A4%AF%E0%A5%82%E0%A4%9C_(%E0%A4%B0%E0%A4%82%E0%A4%97)
चार्ट्रियूज पीला,#dfff00,https://hi.wikipedia.org/wiki/%E0%A4%9A%E0%A4%BE%E0%A4%B0%E0%A5%8D%E0%A4%9F%E0%A5%8D%E0%A4%B0%E0%A4%BF%E0%A4%AF%E0%A5%82%E0%A4%9C_%E0%A4%AA%E0%A5%80%E0%A4%B2%E0%A4%BE
चीड़ हरा,#01796f,https://hi.wikipedia.org/wiki/%E0%A4%9A%E0%A5%80%E0%A4%A1%E0%A4%BC_%E0%A4%B9%E0%A4%B0%E0%A4%BE
चॉकलेट,#7b3f00,https://hi.wikipedia.org/wiki/%E0%A4%9A%E0%A5%89%E0%A4%95%E0%A4%B2%E0%A5%87%E0%A4%9F_(%E0%A4%B0%E0%A4%82%E0%A4%97)
जंबुमणि या कटैला,#9966cc,https://hi.wikipedia.org/wiki/%E0%A4%9C%E0%A4%82%E0%A4%AC%E0%A5%81%E0%A4%AE%E0%A4%A3%E0%A4%BF_(%E0%A4%B0%E0%A4%82%E0%A4%97)
जि़न्वाल्डाइट,#ebc2af,https://hi.wikipedia.org/wiki/%E0%A4%9C%E0%A4%BF%E0%A4%BC%E0%A4%A8%E0%A5%8D%E0%A4%B5%E0%A4%BE%E0%A4%B2%E0%A5%8D%E0%A4%A1%E0%A4%BE%E0%A4%87%E0%A4%9F_(%E0%A4%B0%E0%A4%82%E0%A4%97)
जैतून हरा,#808000,https://hi.wikipedia.org/wiki/%E0%A4%B9%E0%A4%B0%E0%A4%BE#%E0%A4%9C%E0%A5%88%E0%A4%A4%E0%A5%82%E0%A4%A8
झटकेदार गुलाबी,#fc0fc0,https://hi.wikipedia.org/wiki/%E0%A4%97%E0%A5%81%E0%A4%B2%E0%A4%BE%E0%A4%AC%E0%A5%80#%E0%A4%9D%E0%A4%9F%E0%A4%95%E0%A5%87%E0%A4%A6%E0%A4%BE%E0%A4%B0_%E0%A4%97%E0%A5%81%E0%A4%B2%E0%A4%BE%E0%A4%AC%E0%A5%80
टाउप,#483c32,https://hi.wikipedia.org/wiki/%E0%A4%9F%E0%A4%BE%E0%A4%89%E0%A4%AA
टाएरियन पर्पल,#66023c,https://hi.wikipedia.org/wiki/%E0%A4%AA%E0%A4%B0%E0%A5%8D%E0%A4%AA%E0%A4%B2#%E0%A4%9F%E0%A4%BE%E0%A4%8F%E0%A4%B0%E0%A4%BF%E0%A4%AF%E0%A4%A8_%E0%A4%AA%E0%A4%B0%E0%A5%8D%E0%A4%AA%E0%A4%B2
टी रोज़,#f88379,https://hi.wikipedia.org/wiki/%E0%A4%A8%E0%A4%BE%E0%A4%B0%E0%A4%82%E0%A4%97%E0%A5%80_(%E0%A4%B0%E0%A4%82%E0%A4%97)#%E0%A4%AE%E0%A5%82%E0%A4%81%E0%A4%97%E0%A4%BE_%E0%A4%97%E0%A5%81%E0%A4%B2%E0%A4%BE%E0%A4%AC%E0%A5%80
टैंगराइन,#f28500,https://hi.wikipedia.org/wiki/%E0%A4%9F%E0%A5%88%E0%A4%82%E0%A4%97%E0%A4%B0%E0%A4%BE%E0%A4%87%E0%A4%A8_(%E0%A4%B0%E0%A4%82%E0%A4%97)
टैंगराइन पीला,#ffcc00,https://hi.wikipedia.org/wiki/%E0%A4%9F%E0%A5%88%E0%A4%82%E0%A4%97%E0%A4%B0%E0%A4%BE%E0%A4%87%E0%A4%A8_%E0%A4%AA%E0%A5%80%E0%A4%B2%E0%A4%BE
टैन,#d2b48c,https://hi.wikipedia.org/wiki/%E0%A4%9F%E0%A5%88%E0%A4%A8_(%E0%A4%B0%E0%A4%82%E0%A4%97)
टैराकोटा,#e2725b,https://hi.wikipedia.org/wiki/%E0%A4%9F%E0%A5%88%E0%A4%B0%E0%A4%BE%E0%A4%95%E0%A5%8B%E0%A4%9F%E0%A4%BE
टॉनी,#cd5700,https://hi.wikipedia.org/wiki/%E0%A4%9F%E0%A5%89%E0%A4%A8%E0%A5%80
डेनिम,#1560bd,https://hi.wikipedia.org/wiki/%E0%A4%A1%E0%A5%87%E0%A4%A8%E0%A4%BF%E0%A4%AE_(%E0%A4%B0%E0%A4%82%E0%A4%97)
डॉजर नीला,#1e90ff,https://hi.wikipedia.org/wiki/%E0%A4%A1%E0%A5%89%E0%A4%9C%E0%A4%B0_%E0%A4%A8%E0%A5%80%E0%A4%B2%E0%A4%BE
ताप्रांगीयिज या मैलासाइट,#0bda51,https://hi.wikipedia.org/wiki/%E0%A4%A4%E0%A4%BE%E0%A4%AA%E0%A5%8D%E0%A4%B0%E0%A4%BE%E0%A4%82%E0%A4%97%E0%A5%80%E0%A4%AF%E0%A4%BF%E0%A4%9C
ताम्र वर्ण,#b87333,https://hi.wikipedia.org/wiki/%E0%A4%A4%E0%A4%BE%E0%A4%AE%E0%A5%8D%E0%A4%B0_%E0%A4%B5%E0%A4%B0%E0%A5%8D%E0%A4%A3
तिपतिया हरा,#009e60,https://hi.wikipedia.org/wiki/%E0%A4%B9%E0%A4%B0%E0%A4%BE#%E0%A4%A4%E0%A4%BF%E0%A4%AA%E0%A4%A4%E0%A4%BF%E0%A4%AF%E0%A4%BE_%E0%A4%B9%E0%A4%B0%E0%A4%BE
तेजोमय गुलाबी,#ff55a3,https://hi.wikipedia.org/wiki/%E0%A4%B0%E0%A5%8B%E0%A4%9C%E0%A4%BC_(%E0%A4%B0%E0%A4%82%E0%A4%97)#%E0%A4%A4%E0%A5%87%E0%A4%9C%E0%A5%8B%E0%A4%AE%E0%A4%AF_%E0%A4%97%E0%A5%81%E0%A4%B2%E0%A4%BE%E0%A4%AC%E0%A5%80
दालचीनी,#d2691e,https://hi.wikipedia.org/wiki/%E0%A4%A6%E0%A4%BE%E0%A4%B2%E0%A4%9A%E0%A5%80%E0%A4%A8%E0%A5%80
धानी,#adff2f,https://hi.wikipedia.org/wiki/%E0%A4%A7%E0%A4%BE%E0%A4%A8%E0%A5%80
धुंधला गुलाबी,#ffe4e1,https://hi.wikipedia.org/wiki/%E0%A4%B0%E0%A5%8B%E0%A4%9C%E0%A4%BC_(%E0%A4%B0%E0%A4%82%E0%A4%97)#%E0%A4%A7%E0%A5%81%E0%A4%82%E0%A4%A7%E0%A4%B2%E0%A4%BE_%E0%A4%97%E0%A5%81%E0%A4%B2%E0%A4%BE%E0%A4%AC%E0%A5%80
नारंगी,#ffa000,https://hi.wikipedia.org/wiki/%E0%A4%A8%E0%A4%BE%E0%A4%B0%E0%A4%82%E0%A4%97%E0%A5%80_(%E0%A4%9B%E0%A4%BF%E0%A4%B2%E0%A4%95%E0%A4%BE)_(%E0%A4%B0%E0%A4%82%E0%A4%97)
नाशपाती,#d1e231,https://hi.wikipedia.org/wiki/%E0%A4%A8%E0%A4%BE%E0%A4%B6%E0%A4%AA%E0%A4%BE%E0%A4%A4%E0%A5%80_(%E0%A4%B0%E0%A4%82%E0%A4%97)
नीबू,#fde910,https://hi.wikipedia.org/wiki/%E0%A4%A8%E0%A5%80%E0%A4%AC%E0%A5%82_(%E0%A4%B0%E0%A4%82%E0%A4%97)
नींबू,#ccff00,https://hi.wikipedia.org/wiki/%E0%A4%A8%E0%A5%80%E0%A4%82%E0%A4%AC%E0%A5%82_(%E0%A4%B2%E0%A4%BE%E0%A4%87%E0%A4%AE)_(%E0%A4%B0%E0%A4%82%E0%A4%97)
नीबू शीफॉन,#fffacd,https://hi.wikipedia.org/wiki/%E0%A4%A8%E0%A5%80%E0%A4%AC%E0%A5%82_%E0%A4%B6%E0%A5%80%E0%A4%AB%E0%A5%89%E0%A4%A8_(%E0%A4%B0%E0%A4%82%E0%A4%97)
नीरस जैतूनी,#6b8e23,https://hi.wikipedia.org/wiki/%E0%A4%A8%E0%A5%80%E0%A4%B0%E0%A4%B8_%E0%A4%9C%E0%A5%88%E0%A4%A4%E0%A5%82%E0%A4%A8%E0%A5%80
नील-जामुनी,#8a2be2,https://hi.wikipedia.org/wiki/%E0%A4%87%E0%A4%82%E0%A4%A1%E0%A4%BF%E0%A4%97%E0%A5%8B#%E0%A4%97%E0%A4%B9%E0%A4%A8_%E0%A4%87%E0%A4%82%E0%A4%A1%E0%A4%BF%E0%A4%97%E0%A5%8B
नील-हरित,#00dddd,https://hi.wikipedia.org/wiki/%E0%A4%A8%E0%A5%80%E0%A4%B2-%E0%A4%B9%E0%A4%B0%E0%A4%BF%E0%A4%A4
नीलम,#082567,https://hi.wikipedia.org/wiki/%E0%A4%A8%E0%A5%80%E0%A4%B2%E0%A4%BE#%E0%A4%A8%E0%A5%80%E0%A4%B2%E0%A4%AE
नीला,#0000ff,https://hi.wikipedia.org/wiki/%E0%A4%A8%E0%A5%80%E0%A4%B2%E0%A4%BE
नेवी ब्लू,#000080,https://hi.wikipedia.org/wiki/%E0%A4%A8%E0%A5%87%E0%A4%B5%E0%A5%80_%E0%A4%AC%E0%A5%8D%E0%A4%B2%E0%A5%82
नैवेजो श्वेत,#ffdead,https://hi.wikipedia.org/wiki/%E0%A4%A8%E0%A5%88%E0%A4%B5%E0%A5%87%E0%A4%9C%E0%A5%8B_%E0%A4%B6%E0%A5%8D%E0%A4%B5%E0%A5%87%E0%A4%A4
पन्ना,#50c878,https://hi.wikipedia.org/wiki/%E0%A4%AA%E0%A4%A8%E0%A5%8D%E0%A4%A8%E0%A4%BE_(%E0%A4%B0%E0%A4%82%E0%A4%97)
पपीता व्हिप,#ffefd5,https://hi.wikipedia.org/wiki/%E0%A4%AA%E0%A4%AA%E0%A5%80%E0%A4%A4%E0%A4%BE_%E0%A4%B5%E0%A5%8D%E0%A4%B9%E0%A4%BF%E0%A4%AA
पराजलीय,#120a8f,https://hi.wikipedia.org/wiki/%E0%A4%AA%E0%A4%B0%E0%A4%BE%E0%A4%9C%E0%A4%B2%E0%A5%80%E0%A4%AF
पर्पल,#800080,https://hi.wikipedia.org/wiki/%E0%A4%AA%E0%A4%B0%E0%A5%8D%E0%A4%AA%E0%A4%B2#%E0%A4%AA%E0%A4%B0%E0%A5%8D%E0%A4%AA%E0%A4%B2(HTML/CSS)
पर्पल टाउप,#50404d,https://hi.wikipedia.org/wiki/%E0%A4%AA%E0%A4%B0%E0%A5%8D%E0%A4%AA%E0%A4%B2#%E0%A4%AA%E0%A4%B0%E0%A5%8D%E0%A4%AA%E0%A4%B2_%E0%A4%9F%E0%A4%BE%E0%A4%89%E0%A4%AA
पावडर नीला,#b0e0e6,https://hi.wikipedia.org/wiki/%E0%A4%AA%E0%A4%BE%E0%A4%B5%E0%A4%A1%E0%A4%B0_%E0%A4%A8%E0%A5%80%E0%A4%B2%E0%A4%BE
पावडर ब्लू,#003399,https://hi.wikipedia.org/wiki/%E0%A4%A8%E0%A5%80%E0%A4%B2%E0%A4%BE#%E0%A4%AA%E0%A4%BE%E0%A4%B5%E0%A4%A1%E0%A4%B0_%E0%A4%A8%E0%A5%80%E0%A4%B2%E0%A4%BE
पीतल,#b5a642,https://hi.wikipedia.org/wiki/%E0%A4%AA%E0%A5%80%E0%A4%A4%E0%A4%B2_(%E0%A4%B0%E0%A4%82%E0%A4%97)
पीला,#ffff00,https://hi.wikipedia.org/wiki/%E0%A4%AA%E0%A5%80%E0%A4%B2%E0%A4%BE
पुरातन गुलाबी,#c08081,https://hi.wikipedia.org/wiki/%E0%A4%97%E0%A5%81%E0%A4%B2%E0%A4%BE%E0%A4%AC%E0%A5%80#%E0%A4%93%E0%A4%B2%E0%A5%8D%E0%A4%A1_%E0%A4%B0%E0%A5%8B%E0%A4%9C
पुरातन लॅवेंडर,#796878,https://hi.wikipedia.org/wiki/%E0%A4%B2%E0%A5%85%E0%A4%B5%E0%A5%87%E0%A4%82%E0%A4%A1%E0%A4%B0_(%E0%A4%B0%E0%A4%82%E0%A4%97)#%E0%A4%AA%E0%A5%81%E0%A4%B0%E0%A4%BE%E0%A4%A4%E0%A4%A8_%E0%A4%B2%E0%A5%85%E0%A4%B5%E0%A5%87%E0%A4%82%E0%A4%A1%E0%A4%B0
पुरातन लेस,#fdf5e6,https://hi.wikipedia.org/wiki/%E0%A4%AA%E0%A5%81%E0%A4%B0%E0%A4%BE%E0%A4%A4%E0%A4%A8_%E0%A4%B2%E0%A5%87%E0%A4%B8
पुरातन हरा,#cfb53b,https://hi.wikipedia.org/wiki/%E0%A4%AA%E0%A5%81%E0%A4%B0%E0%A4%BE%E0%A4%A4%E0%A4%A8_%E0%A4%B9%E0%A4%B0%E0%A4%BE
पेस्टल गुलाबी,#ffd1dc,https://hi.wikipedia.org/wiki/%E0%A4%97%E0%A5%81%E0%A4%B2%E0%A4%BE%E0%A4%AC%E0%A5%80
पेस्टल हरा,#77dd77,https://hi.wikipedia.org/wiki/%E0%A4%B9%E0%A4%B0%E0%A4%BE
प्यूस,#cc8899,https://hi.wikipedia.org/wiki/%E0%A4%AA%E0%A5%8D%E0%A4%AF%E0%A5%82%E0%A4%B8
प्रशियन नीला,#003153,https://hi.wikipedia.org/wiki/%E0%A4%AA%E0%A5%8D%E0%A4%B0%E0%A4%B6%E0%A4%BF%E0%A4%AF%E0%A4%A8_%E0%A4%A8%E0%A5%80%E0%A4%B2%E0%A4%BE
फर्न हरा,#4f7942,https://hi.wikipedia.org/wiki/%E0%A4%AB%E0%A4%B0%E0%A5%8D%E0%A4%A8_%E0%A4%B9%E0%A4%B0%E0%A4%BE
फारसी इंडिगो,#32127a,https://hi.wikipedia.org/wiki/%E0%A4%AC%E0%A5%88%E0%A4%82%E0%A4%97%E0%A4%A8%E0%A5%80_(%E0%A4%B0%E0%A4%82%E0%A4%97)#%E0%A4%AB%E0%A4%BE%E0%A4%B0%E0%A4%B8%E0%A5%80_%E0%A4%87%E0%A4%82%E0%A4%A1%E0%A4%BF%E0%A4%97%E0%A5%8B
फारसी गुलाबी,#f77fbe,https://hi.wikipedia.org/wiki/%E0%A4%97%E0%A5%81%E0%A4%B2%E0%A4%BE%E0%A4%AC%E0%A5%80#%E0%A4%AB%E0%A4%BE%E0%A4%B0%E0%A4%B8%E0%A5%80_%E0%A4%97%E0%A5%81%E0%A4%B2%E0%A4%BE%E0%A4%AC%E0%A5%80
फारसी नीला,#1c39bb,https://hi.wikipedia.org/wiki/%E0%A4%AB%E0%A4%BE%E0%A4%B0%E0%A4%B8%E0%A5%80_%E0%A4%A8%E0%A5%80%E0%A4%B2%E0%A4%BE
फारसी रोज़,#f880bf,https://hi.wikipedia.org/wiki/%E0%A4%B0%E0%A5%8B%E0%A4%9C%E0%A4%BC_(%E0%A4%B0%E0%A4%82%E0%A4%97)
फारसी लाल,#cc3333,https://hi.wikipedia.org/wiki/%E0%A4%AB%E0%A4%BE%E0%A4%B0%E0%A4%B8%E0%A5%80_%E0%A4%B2%E0%A4%BE%E0%A4%B2
फारसी हरा,#00a693,https://hi.wikipedia.org/wiki/%E0%A4%AB%E0%A4%BE%E0%A4%B0%E0%A4%B8%E0%A5%80_%E0%A4%B9%E0%A4%B0%E0%A4%BE
फालसई,#ee82ee,https://hi.wikipedia.org/wiki/%E0%A4%AC%E0%A5%88%E0%A4%82%E0%A4%97%E0%A4%A8%E0%A5%80_(%E0%A4%B0%E0%A4%82%E0%A4%97)#%E0%A4%AB%E0%A4%BE%E0%A4%B2%E0%A4%B8%E0%A4%88
फालू रैड,#801818,https://hi.wikipedia.org/wiki/%E0%A4%AB%E0%A4%BE%E0%A4%B2%E0%A5%82_%E0%A4%B0%E0%A5%88%E0%A4%A1
फीका अखरोटी,#ddadaf,https://hi.wikipedia.org/wiki/%E0%A4%AD%E0%A5%82%E0%A4%B0%E0%A4%BE_(%E0%A4%9A%E0%A5%87%E0%A4%B8%E0%A5%8D%E0%A4%9F%E0%A4%A8%E0%A4%9F)_(%E0%A4%B0%E0%A4%82%E0%A4%97)
फीका कारमाइन,#af4035,https://hi.wikipedia.org/wiki/%E0%A4%B2%E0%A4%BE%E0%A4%B2#%E0%A4%AE%E0%A4%A7%E0%A5%8D%E0%A4%AF%E0%A4%AE_%E0%A4%95%E0%A4%BE%E0%A4%B0%E0%A5%8D%E0%A4%AE%E0%A4%BE%E0%A4%87%E0%A4%A8
फीका कॉर्नफ्लावर नीला,#abcdef,https://hi.wikipedia.org/wiki/%E0%A4%A8%E0%A5%80%E0%A4%B2%E0%A4%BE#%E0%A4%95%E0%A5%89%E0%A4%B0%E0%A5%8D%E0%A4%A8%E0%A4%AB%E0%A5%8D%E0%A4%B2%E0%A4%BE%E0%A4%B5%E0%A4%B0_%E0%A4%A8%E0%A5%80%E0%A4%B2%E0%A4%BE
फीका गुलाबी,#fadadd,https://hi.wikipedia.org/wiki/%E0%A4%97%E0%A5%81%E0%A4%B2%E0%A4%BE%E0%A4%AC%E0%A5%80
फीका नीला,#afeeee,https://hi.wikipedia.org/wiki/%E0%A4%AB%E0%A5%80%E0%A4%95%E0%A4%BE_%E0%A4%A8%E0%A5%80%E0%A4%B2%E0%A4%BE
फीका भूरा,#987654,https://hi.wikipedia.org/wiki/%E0%A4%AB%E0%A5%80%E0%A4%95%E0%A4%BE_%E0%A4%AD%E0%A5%82%E0%A4%B0%E0%A4%BE
फीका रानी,#f984e5,https://hi.wikipedia.org/wiki/%E0%A4%B0%E0%A4%BE%E0%A4%A8%E0%A5%80_(%E0%A4%B0%E0%A4%82%E0%A4%97)
फीका लाल बैंगनी,#db7093,https://hi.wikipedia.org/wiki/%E0%A4%B2%E0%A4%BE%E0%A4%B2#%E0%A4%AB%E0%A5%80%E0%A4%95%E0%A4%BE_%E0%A4%B2%E0%A4%BE%E0%A4%B2_%E0%A4%AC%E0%A5%88%E0%A4%82%E0%A4%97%E0%A4%A8%E0%A5%80_(%E0%A4%B5%E0%A5%87%E0%A4%AC_%E0%A4%B0%E0%A4%82%E0%A4%97)
फीरोजी़,#30d5c8,https://hi.wikipedia.org/wiki/%E0%A4%95%E0%A5%8D%E0%A4%AF%E0%A4%BE%E0%A4%A8_(%E0%A4%B0%E0%A4%82%E0%A4%97)
फूशिया गुलाबी,#ff77ff,https://hi.wikipedia.org/wiki/%E0%A4%AB%E0%A5%82%E0%A4%B6%E0%A4%BF%E0%A4%AF%E0%A4%BE_%E0%A4%97%E0%A5%81%E0%A4%B2%E0%A4%BE%E0%A4%AC%E0%A5%80
फॉरेस्ट हरा,#228b22,https://hi.wikipedia.org/wiki/%E0%A4%AB%E0%A5%89%E0%A4%B0%E0%A5%87%E0%A4%B8%E0%A5%8D%E0%A4%9F_%E0%A4%B9%E0%A4%B0%E0%A4%BE
फ्यूशिया,#ff00ff,https://hi.wikipedia.org/wiki/%E0%A4%AB%E0%A5%8D%E0%A4%AF%E0%A5%82%E0%A4%B6%E0%A4%BF%E0%A4%AF%E0%A4%BE_(%E0%A4%B0%E0%A4%82%E0%A4%97)
फ्रेंच रोज़,#f64a8a,https://hi.wikipedia.org/wiki/%E0%A4%B0%E0%A5%8B%E0%A4%9C%E0%A4%BC_(%E0%A4%B0%E0%A4%82%E0%A4%97)#%E0%A4%AB%E0%A5%8D%E0%A4%B0%E0%A5%87%E0%A4%82%E0%A4%9A_%E0%A4%B0%E0%A5%8B%E0%A4%9C%E0%A4%BC
फ्लैक्स,#eedc82,https://hi.wikipedia.org/wiki/%E0%A4%AB%E0%A5%8D%E0%A4%B2%E0%A5%88%E0%A4%95%E0%A5%8D%E0%A4%B8_(%E0%A4%B0%E0%A4%82%E0%A4%97)
बर्न्ट अंबर,#8a3324,https://hi.wikipedia.org/wiki/%E0%A4%AC%E0%A4%B0%E0%A5%8D%E0%A4%A8%E0%A5%8D%E0%A4%9F_%E0%A4%85%E0%A4%82%E0%A4%AC%E0%A4%B0
बर्न्ट ऑरेंज,#cc5500,https://hi.wikipedia.org/wiki/%E0%A4%A8%E0%A4%BE%E0%A4%B0%E0%A4%82%E0%A4%97%E0%A5%80_(%E0%A4%B0%E0%A4%82%E0%A4%97)#%E0%A4%AC%E0%A4%B0%E0%A5%8D%E0%A4%A8%E0%A5%8D%E0%A4%9F_%E0%A4%91%E0%A4%B0%E0%A5%87%E0%A4%82%E0%A4%9C
बर्न्ट सीएन्ना,#e97451,https://hi.wikipedia.org/wiki/%E0%A4%AC%E0%A4%B0%E0%A5%8D%E0%A4%A8%E0%A5%8D%E0%A4%9F_%E0%A4%B8%E0%A5%80%E0%A4%8F%E0%A4%A8%E0%A5%8D%E0%A4%A8%E0%A4%BE
बाँडी नीला,#0095b6,https://hi.wikipedia.org/wiki/%E0%A4%AC%E0%A4%BE%E0%A4%81%E0%A4%A1%E0%A5%80_%E0%A4%A8%E0%A5%80%E0%A4%B2%E0%A4%BE
बादामी,#f0dc82,https://hi.wikipedia.org/wiki/%E0%A4%AC%E0%A4%BE%E0%A4%A6%E0%A4%BE%E0%A4%AE%E0%A5%80
बिस्ट्र,#3d2b1f,https://hi.wikipedia.org/wiki/%E0%A4%AC%E0%A4%BF%E0%A4%B8%E0%A5%8D%E0%A4%9F%E0%A5%8D%E0%A4%B0
बेज,#f5f5dc,https://hi.wikipedia.org/wiki/%E0%A4%AC%E0%A5%87%E0%A4%9C
बेबी नीला,#e0ffff,https://hi.wikipedia.org/wiki/%E0%A4%AC%E0%A5%87%E0%A4%AC%E0%A5%80_%E0%A4%A8%E0%A5%80%E0%A4%B2%E0%A4%BE
बैंगनी,#423189,https://hi.wikipedia.org/wiki/%E0%A4%AC%E0%A5%88%E0%A4%82%E0%A4%97%E0%A4%A8%E0%A5%80_(%E0%A4%B0%E0%A4%82%E0%A4%97)
भटकटैया,#d8bfd8,https://hi.wikipedia.org/wiki/%E0%A4%AD%E0%A4%9F%E0%A4%95%E0%A4%9F%E0%A5%88%E0%A4%AF%E0%A4%BE_(%E0%A4%B0%E0%A4%82%E0%A4%97)
भूरा,#cd5c5c,https://hi.wikipedia.org/wiki/%E0%A4%AD%E0%A5%82%E0%A4%B0%E0%A4%BE_(%E0%A4%9A%E0%A5%87%E0%A4%B8%E0%A5%8D%E0%A4%9F%E0%A4%A8%E0%A4%9F)_(%E0%A4%B0%E0%A4%82%E0%A4%97)
मध्यम कारमाइन,#b04136,https://hi.wikipedia.org/wiki/%E0%A4%95%E0%A4%BE%E0%A4%B0%E0%A5%8D%E0%A4%AE%E0%A4%BE%E0%A4%87%E0%A4%A8_(%E0%A4%B0%E0%A4%82%E0%A4%97)#%E0%A4%AE%E0%A4%A7%E0%A5%8D%E0%A4%AF%E0%A4%AE_%E0%A4%95%E0%A4%BE%E0%A4%B0%E0%A5%8D%E0%A4%AE%E0%A4%BE%E0%A4%87%E0%A4%A8
मध्यम नीला,#0000cd,https://hi.wikipedia.org/wiki/%E0%A4%A8%E0%A5%80%E0%A4%B2%E0%A4%BE#%E0%A4%AE%E0%A4%A7%E0%A5%8D%E0%A4%AF%E0%A4%AE_%E0%A4%A8%E0%A5%80%E0%A4%B2%E0%A4%BE
मध्यम पर्पल,#9370db,https://hi.wikipedia.org/wiki/%E0%A4%AA%E0%A4%B0%E0%A5%8D%E0%A4%AA%E0%A4%B2#%E0%A4%AE%E0%A4%A7%E0%A5%8D%E0%A4%AF%E0%A4%AE_%E0%A4%AA%E0%A4%B0%E0%A5%8D%E0%A4%AA%E0%A4%B2_(X11)
मनोविकृतिकारी पर्पल,#dd00ff,https://hi.wikipedia.org/wiki/%E0%A4%AA%E0%A4%B0%E0%A5%8D%E0%A4%AA%E0%A4%B2#%E0%A4%9A%E0%A5%87%E0%A4%A4%E0%A4%A8%E0%A4%BE_%E0%A4%AA%E0%A5%8D%E0%A4%B0%E0%A4%B8%E0%A4%BE%E0%A4%B0%E0%A5%80_%E0%A4%AA%E0%A4%B0%E0%A5%8D%E0%A4%AA%E0%A4%B2
माउंटबैटन गुलाबी,#997a8d,https://hi.wikipedia.org/wiki/%E0%A4%AE%E0%A4%BE%E0%A4%89%E0%A4%82%E0%A4%9F%E0%A4%AC%E0%A5%88%E0%A4%9F%E0%A4%A8_%E0%A4%97%E0%A5%81%E0%A4%B2%E0%A4%BE%E0%A4%AC%E0%A5%80
माया नीला,#73c2fb,https://hi.wikipedia.org/wiki/%E0%A4%AE%E0%A4%BE%E0%A4%AF%E0%A4%BE_%E0%A4%A8%E0%A5%80%E0%A4%B2%E0%A4%BE
मिंट हरा,#98ff98,https://hi.wikipedia.org/wiki/%E0%A4%B9%E0%A4%B0%E0%A4%BE#%E0%A4%AE%E0%A4%BF%E0%A4%82%E0%A4%9F_%E0%A4%B9%E0%A4%B0%E0%A4%BE
मूँगा,#ff7f50,https://hi.wikipedia.org/wiki/%E0%A4%AE%E0%A5%82%E0%A4%81%E0%A4%97%E0%A4%BE_(%E0%A4%B0%E0%A4%82%E0%A4%97)
मूँगा लाल,#ff4040,https://hi.wikipedia.org/wiki/%E0%A4%AE%E0%A5%82%E0%A4%81%E0%A4%97%E0%A4%BE_%E0%A4%B2%E0%A4%BE%E0%A4%B2
मेहंदी,#21421e,https://hi.wikipedia.org/wiki/%E0%A4%AE%E0%A5%87%E0%A4%B9%E0%A4%82%E0%A4%A6%E0%A5%80_(%E0%A4%B0%E0%A4%82%E0%A4%97)
मैरून,#800000,https://hi.wikipedia.org/wiki/%E0%A4%AE%E0%A5%88%E0%A4%B0%E0%A5%82%E0%A4%A8
मॉव,#e0b0ff,https://hi.wikipedia.org/wiki/%E0%A4%AE%E0%A5%89%E0%A4%B5
मॉव टाउप,#915f6d,https://hi.wikipedia.org/wiki/%E0%A4%9F%E0%A4%BE%E0%A4%89%E0%A4%AA#%E0%A4%AE%E0%A5%89%E0%A4%B5_%E0%A4%9F%E0%A4%BE%E0%A4%89%E0%A4%AA
मॉस हरा,#addfad,https://hi.wikipedia.org/wiki/%E0%A4%AE%E0%A5%89%E0%A4%B8_%E0%A4%B9%E0%A4%B0%E0%A4%BE
रजत वर्ण,#c0c0c0,https://hi.wikipedia.org/wiki/%E0%A4%B0%E0%A5%82%E0%A4%AA%E0%A4%B9%E0%A4%B2%E0%A4%BE
रस्सट,#80461b,https://hi.wikipedia.org/wiki/%E0%A4%B0%E0%A4%B8%E0%A5%8D%E0%A4%B8%E0%A4%9F_(%E0%A4%B0%E0%A4%82%E0%A4%97)
रानी,#cd00cc,https://hi.wikipedia.org/wiki/%E0%A4%B0%E0%A4%BE%E0%A4%A8%E0%A5%80_(%E0%A4%B0%E0%A4%82%E0%A4%97)
रिच कारमाइन,#d70040,https://hi.wikipedia.org/wiki/%E0%A4%B2%E0%A4%BE%E0%A4%B2#%E0%A4%AA%E0%A5%8D%E0%A4%B0%E0%A4%9A%E0%A5%81%E0%A4%B0_%E0%A4%95%E0%A4%BE%E0%A4%B0%E0%A5%8D%E0%A4%AE%E0%A4%BE%E0%A4%87%E0%A4%A8
रिच मैजेन्टा,#ca1f7b,https://hi.wikipedia.org/wiki/%E0%A4%B0%E0%A4%BE%E0%A4%A8%E0%A5%80_(%E0%A4%B0%E0%A4%82%E0%A4%97)#%E0%A4%97%E0%A4%B9%E0%A4%A8_%E0%A4%B0%E0%A4%BE%E0%A4%A8%E0%A5%80
रॉ अम्बर,#734a12,https://hi.wikipedia.org/wiki/%E0%A4%AD%E0%A5%82%E0%A4%B0%E0%A4%BE#%E0%A4%B0%E0%A5%89_%E0%A4%85%E0%A4%AE%E0%A5%8D%E0%A4%AC%E0%A4%B0
रॉबिन एग ब्लू,#00cccc,https://hi.wikipedia.org/wiki/%E0%A4%95%E0%A5%8D%E0%A4%AF%E0%A4%BE%E0%A4%A8_(%E0%A4%B0%E0%A4%82%E0%A4%97)#%E0%A4%B0%E0%A5%89%E0%A4%AC%E0%A4%BF%E0%A4%A8_%E0%A4%8F%E0%A4%97_%E0%A4%AC%E0%A5%8D%E0%A4%B2%E0%A5%82
रोज़ टाउप,#905d5d,https://hi.wikipedia.org/wiki/%E0%A4%B0%E0%A5%8B%E0%A4%9C%E0%A4%BC_(%E0%A4%B0%E0%A4%82%E0%A4%97)#%E0%A4%B0%E0%A5%8B%E0%A4%9C%E0%A4%BC_%E0%A4%9F%E0%A4%BE%E0%A4%89%E0%A4%AA
लाइम,#bfff00,https://hi.wikipedia.org/wiki/%E0%A4%B2%E0%A4%BE%E0%A4%87%E0%A4%AE_(%E0%A4%B0%E0%A4%82%E0%A4%97)
लाइलैक,#c8a2c8,https://hi.wikipedia.org/wiki/%E0%A4%AC%E0%A5%88%E0%A4%82%E0%A4%97%E0%A4%A8%E0%A5%80_(%E0%A4%B0%E0%A4%82%E0%A4%97)#%E0%A4%B2%E0%A4%BE%E0%A4%87%E0%A4%B2%E0%A5%88%E0%A4%95
लाल,#ff0000,https://hi.wikipedia.org/wiki/%E0%A4%B2%E0%A4%BE%E0%A4%B2
लाल-बैंगनी,#c71585,https://hi.wikipedia.org/wiki/%E0%A4%B2%E0%A4%BE%E0%A4%B2-%E0%A4%AC%E0%A5%88%E0%A4%82%E0%A4%97%E0%A4%A8%E0%A5%80
लालमणि,#e0115f,https://hi.wikipedia.org/wiki/%E0%A4%B2%E0%A4%BE%E0%A4%B2%E0%A4%AE%E0%A4%A3%E0%A4%BF_(%E0%A4%B0%E0%A4%82%E0%A4%97)
लिनेन,#faf0e6,https://hi.wikipedia.org/wiki/%E0%A4%B2%E0%A4%BF%E0%A4%A8%E0%A5%87%E0%A4%A8_(%E0%A4%B0%E0%A4%82%E0%A4%97)
लॅवेंडर,#b57edc,https://hi.wikipedia.org/wiki/%E0%A4%B2%E0%A5%85%E0%A4%B5%E0%A5%87%E0%A4%82%E0%A4%A1%E0%A4%B0_(%E0%A4%B0%E0%A4%82%E0%A4%97)
लॅवेंडर अरुणिमा,#fff0f5,https://hi.wikipedia.org/wiki/%E0%A4%B2%E0%A5%85%E0%A4%B5%E0%A5%87%E0%A4%82%E0%A4%A1%E0%A4%B0_(%E0%A4%B0%E0%A4%82%E0%A4%97)#%E0%A4%B2%E0%A5%85%E0%A4%B5%E0%A5%87%E0%A4%82%E0%A4%A1%E0%A4%B0_%E0%A4%85%E0%A4%B0%E0%A5%81%E0%A4%A3%E0%A4%BF%E0%A4%AE%E0%A4%BE
लॅवेंडर गुलाबी,#fbaed2,https://hi.wikipedia.org/wiki/%E0%A4%B2%E0%A5%85%E0%A4%B5%E0%A5%87%E0%A4%82%E0%A4%A1%E0%A4%B0_(%E0%A4%B0%E0%A4%82%E0%A4%97)#%E0%A4%B2%E0%A5%85%E0%A4%B5%E0%A5%87%E0%A4%82%E0%A4%A1%E0%A4%B0_%E0%A4%97%E0%A5%81%E0%A4%B2%E0%A4%BE%E0%A4%AC%E0%A5%80
लॅवेंडर जामुनी,#967bb6,https://hi.wikipedia.org/wiki/%E0%A4%B2%E0%A5%85%E0%A4%B5%E0%A5%87%E0%A4%82%E0%A4%A1%E0%A4%B0_(%E0%A4%B0%E0%A4%82%E0%A4%97)#%E0%A4%AE%E0%A4%A7%E0%A5%8D%E0%A4%AF%E0%A4%AE_%E0%A4%AA%E0%A4%B0%E0%A5%8D%E0%A4%AA%E0%A4%B2
लॅवेंडर नीला,#ccccff,https://hi.wikipedia.org/wiki/%E0%A4%B2%E0%A5%85%E0%A4%B5%E0%A5%87%E0%A4%82%E0%A4%A1%E0%A4%B0_(%E0%A4%B0%E0%A4%82%E0%A4%97)#%E0%A4%B8%E0%A4%A6%E0%A4%BE%E0%A4%AC%E0%A4%B9%E0%A4%BE%E0%A4%B0
लॅवेंडर रानी,#ef83ef,https://hi.wikipedia.org/wiki/%E0%A4%B2%E0%A5%85%E0%A4%B5%E0%A5%87%E0%A4%82%E0%A4%A1%E0%A4%B0_(%E0%A4%B0%E0%A4%82%E0%A4%97)#%E0%A4%B2%E0%A5%85%E0%A4%B5%E0%A5%87%E0%A4%82%E0%A4%A1%E0%A4%B0_%E0%A4%B0%E0%A4%BE%E0%A4%A8%E0%A5%80
लॅवेंडर रोज़,#fba0e3,https://hi.wikipedia.org/wiki/%E0%A4%B2%E0%A5%85%E0%A4%B5%E0%A5%87%E0%A4%82%E0%A4%A1%E0%A4%B0_(%E0%A4%B0%E0%A4%82%E0%A4%97)
लॅवेंडर सलेटी,#c4c3d0,https://hi.wikipedia.org/wiki/%E0%A4%B2%E0%A5%85%E0%A4%B5%E0%A5%87%E0%A4%82%E0%A4%A1%E0%A4%B0_(%E0%A4%B0%E0%A4%82%E0%A4%97)#%E0%A4%B2%E0%A5%85%E0%A4%B5%E0%A5%87%E0%A4%82%E0%A4%A1%E0%A4%B0_%E0%A4%B8%E0%A4%B2%E0%A5%87%E0%A4%9F%E0%A5%80
लौह भस्म,#b7410e,https://hi.wikipedia.org/wiki/%E0%A4%B2%E0%A5%8C%E0%A4%B9_%E0%A4%AD%E0%A4%B8%E0%A5%8D%E0%A4%AE_(%E0%A4%B0%E0%A4%82%E0%A4%97)
वसंत कलिका,#a7fc00,https://hi.wikipedia.org/wiki/%E0%A4%B9%E0%A4%B0%E0%A4%BE#%E0%A4%B5%E0%A4%B8%E0%A4%82%E0%A4%A4_%E0%A4%95%E0%A4%B2%E0%A4%BF%E0%A4%95%E0%A4%BE
वसंत हरा,#00ff7f,https://hi.wikipedia.org/wiki/%E0%A4%B9%E0%A4%B0%E0%A4%BE#%E0%A4%B5%E0%A4%B8%E0%A4%82%E0%A4%A4_%E0%A4%B9%E0%A4%B0%E0%A4%BE
विद्युत नीला,#7df9ff,https://hi.wikipedia.org/wiki/%E0%A4%B5%E0%A4%BF%E0%A4%A6%E0%A5%8D%E0%A4%AF%E0%A5%81%E0%A4%A4_%E0%A4%A8%E0%A5%80%E0%A4%B2%E0%A4%BE
विद्युत पर्पल,#bf00ff,https://hi.wikipedia.org/wiki/%E0%A4%AA%E0%A4%B0%E0%A5%8D%E0%A4%AA%E0%A4%B2#%E0%A4%B5%E0%A4%BF%E0%A4%A6%E0%A5%8D%E0%A4%AF%E0%A5%81%E0%A4%A4_%E0%A4%AA%E0%A4%B0%E0%A5%8D%E0%A4%AA%E0%A4%B2
विद्युत बैंगनी,#8b00ff,https://hi.wikipedia.org/wiki/%E0%A4%AC%E0%A5%88%E0%A4%82%E0%A4%97%E0%A4%A8%E0%A5%80_(%E0%A4%B0%E0%A4%82%E0%A4%97)#%E0%A4%B5%E0%A4%BF%E0%A4%A6%E0%A5%8D%E0%A4%AF%E0%A5%81%E0%A4%A4_%E0%A4%AC%E0%A5%88%E0%A4%82%E0%A4%97%E0%A4%A8%E0%A5%80
विद्युत हरा,#00ff00,https://hi.wikipedia.org/wiki/%E0%A4%B5%E0%A4%BF%E0%A4%A6%E0%A5%8D%E0%A4%AF%E0%A5%81%E0%A4%A4_%E0%A4%B9%E0%A4%B0%E0%A4%BE
विरिडियन,#40826d,https://hi.wikipedia.org/wiki/%E0%A4%B9%E0%A4%B0%E0%A4%BE#%E0%A4%B5%E0%A4%BF%E0%A4%B0%E0%A4%BF%E0%A4%A1%E0%A4%BF%E0%A4%AF%E0%A4%A8
विस्टेरिया,#c9a0dc,https://hi.wikipedia.org/wiki/%E0%A4%B5%E0%A4%BF%E0%A4%B8%E0%A5%8D%E0%A4%9F%E0%A5%87%E0%A4%B0%E0%A4%BF%E0%A4%AF%E0%A4%BE_(%E0%A4%B0%E0%A4%82%E0%A4%97)
शंखीय श्वेत,#fff5ee,https://hi.wikipedia.org/wiki/%E0%A4%B6%E0%A4%82%E0%A4%96%E0%A5%80%E0%A4%AF_%E0%A4%B6%E0%A5%8D%E0%A4%B5%E0%A5%87%E0%A4%A4
शाही नीला,#4169e1,https://hi.wikipedia.org/wiki/%E0%A4%A8%E0%A5%80%E0%A4%B2%E0%A4%BE
शाही पर्पल,#6b3fa0,https://hi.wikipedia.org/wiki/%E0%A4%AA%E0%A4%B0%E0%A5%8D%E0%A4%AA%E0%A4%B2
श्वेत,#ffffff,https://hi.wikipedia.org/wiki/%E0%A4%B6%E0%A5%8D%E0%A4%B5%E0%A5%87%E0%A4%A4
सदाबहार,#cdcdfe,https://hi.wikipedia.org/wiki/%E0%A4%AC%E0%A5%88%E0%A4%82%E0%A4%97%E0%A4%A8%E0%A5%80_(%E0%A4%B0%E0%A4%82%E0%A4%97)#%E0%A4%B8%E0%A4%A6%E0%A4%BE%E0%A4%AC%E0%A4%B9%E0%A4%BE%E0%A4%B0
समुद्री हरा,#2e8b57,https://hi.wikipedia.org/wiki/%E0%A4%B8%E0%A4%AE%E0%A5%81%E0%A4%A6%E0%A5%8D%E0%A4%B0%E0%A5%80_%E0%A4%B9%E0%A4%B0%E0%A4%BE
सरसों,#ffdb58,https://hi.wikipedia.org/wiki/%E0%A4%B8%E0%A4%B0%E0%A4%B8%E0%A5%8B%E0%A4%82_(%E0%A4%B0%E0%A4%82%E0%A4%97)
सलेटी,#808080,https://hi.wikipedia.org/wiki/%E0%A4%B8%E0%A4%B2%E0%A5%87%E0%A4%9F%E0%A5%80
साल्मन,#e9967a,https://hi.wikipedia.org/wiki/%E0%A4%B8%E0%A4%BE%E0%A4%B2%E0%A5%8D%E0%A4%AE%E0%A4%A8_(%E0%A4%B0%E0%A4%82%E0%A4%97)
सिंदूरी,#ff4d00,https://hi.wikipedia.org/wiki/%E0%A4%B8%E0%A4%BF%E0%A4%82%E0%A4%A6%E0%A5%82%E0%A4%B0%E0%A5%80
सिंदूरी लाल,#ff4500,https://hi.wikipedia.org/wiki/%E0%A4%A8%E0%A4%BE%E0%A4%B0%E0%A4%82%E0%A4%97%E0%A5%80_(%E0%A4%B0%E0%A4%82%E0%A4%97)#%E0%A4%A8%E0%A4%BE%E0%A4%B0%E0%A4%82%E0%A4%97%E0%A5%80-%E0%A4%B2%E0%A4%BE%E0%A4%B2
सिनाबार,#e34234,https://hi.wikipedia.org/wiki/%E0%A4%B8%E0%A4%BF%E0%A4%A8%E0%A4%BE%E0%A4%AC%E0%A4%BE%E0%A4%B0
सीपिया,#704214,https://hi.wikipedia.org/wiki/%E0%A4%B8%E0%A5%80%E0%A4%AA%E0%A4%BF%E0%A4%AF%E0%A4%BE_(%E0%A4%B0%E0%A4%82%E0%A4%97)
सुनहरा,#d4af37,https://hi.wikipedia.org/wiki/%E0%A4%B8%E0%A5%81%E0%A4%A8%E0%A4%B9%E0%A4%B0%E0%A4%BE_(%E0%A4%B0%E0%A4%82%E0%A4%97)
सुनहरा भूरा,#996515,https://hi.wikipedia.org/wiki/%E0%A4%B8%E0%A5%81%E0%A4%A8%E0%A4%B9%E0%A4%B0%E0%A4%BE#%E0%A4%B8%E0%A5%81%E0%A4%B5%E0%A4%B0%E0%A5%8D%E0%A4%A3_%E0%A4%AD%E0%A5%82%E0%A4%B0%E0%A4%BE
सुर्ख,#ff2400,https://hi.wikipedia.org/wiki/%E0%A4%B2%E0%A4%BE%E0%A4%B2#%E0%A4%B8%E0%A5%81%E0%A4%B0%E0%A5%8D%E0%A4%96
सुवर्ण,#ffd700,https://hi.wikipedia.org/wiki/%E0%A4%AA%E0%A5%80%E0%A4%B2%E0%A4%BE#%E0%A4%B8%E0%A5%81%E0%A4%A8%E0%A4%B9%E0%A4%B0%E0%A4%BE
सुवर्ण पीला,#ffdf00,https://hi.wikipedia.org/wiki/%E0%A4%B8%E0%A5%81%E0%A4%A8%E0%A4%B9%E0%A4%B0%E0%A4%BE#%E0%A4%B8%E0%A5%81%E0%A4%B5%E0%A4%B0%E0%A5%8D%E0%A4%A3_%E0%A4%AA%E0%A5%80%E0%A4%B2%E0%A4%BE
सेफटी नारंगी,#ff6600,https://hi.wikipedia.org/wiki/%E0%A4%A8%E0%A4%BE%E0%A4%B0%E0%A4%82%E0%A4%97%E0%A5%80#%E0%A4%B8%E0%A5%81%E0%A4%B0%E0%A4%95%E0%A5%8D%E0%A4%B7%E0%A4%BE_%E0%A4%A8%E0%A4%BE%E0%A4%B0%E0%A4%82%E0%A4%97%E0%A5%80
सेराइज,#de3163,https://hi.wikipedia.org/wiki/%E0%A4%B8%E0%A5%87%E0%A4%B0%E0%A4%BE%E0%A4%87%E0%A4%9C_(%E0%A4%B0%E0%A4%82%E0%A4%97)
सेरूलिअन,#007ba7,https://hi.wikipedia.org/wiki/%E0%A4%B8%E0%A5%87%E0%A4%B0%E0%A5%82%E0%A4%B2%E0%A4%BF%E0%A4%85%E0%A4%A8
सेरूलिअन नीला,#2a52be,https://hi.wikipedia.org/wiki/%E0%A4%B8%E0%A5%87%E0%A4%B0%E0%A5%82%E0%A4%B2%E0%A4%BF%E0%A4%85%E0%A4%A8_%E0%A4%A8%E0%A5%80%E0%A4%B2%E0%A4%BE
सेलाडॉन,#ace1af,https://hi.wikipedia.org/wiki/%E0%A4%B8%E0%A5%87%E0%A4%B2%E0%A4%BE%E0%A4%A1%E0%A5%89%E0%A4%A8_(%E0%A4%B0%E0%A4%82%E0%A4%97)
सेलेक्टिव पीला,#ffba00,https://hi.wikipedia.org/wiki/%E0%A4%B8%E0%A5%87%E0%A4%B2%E0%A5%87%E0%A4%95%E0%A5%8D%E0%A4%9F%E0%A4%BF%E0%A4%B5_%E0%A4%AA%E0%A5%80%E0%A4%B2%E0%A4%BE
सैंग्रिय,#92000a,https://hi.wikipedia.org/wiki/%E0%A4%B8%E0%A5%88%E0%A4%82%E0%A4%97%E0%A5%8D%E0%A4%B0%E0%A4%BF%E0%A4%AF_(%E0%A4%B0%E0%A4%82%E0%A4%97)
सैंडी भूरा,#f4a460,https://hi.wikipedia.org/wiki/%E0%A4%AD%E0%A5%82%E0%A4%B0%E0%A4%BE#%E0%A4%B8%E0%A4%82%E0%A4%A1%E0%A5%80_%E0%A4%AD%E0%A5%82%E0%A4%B0%E0%A4%BE
सैनिक हरा,#4b5320,https://hi.wikipedia.org/wiki/%E0%A4%86%E0%A4%B0%E0%A5%8D%E0%A4%AE%E0%A5%80_%E0%A4%97%E0%A5%8D%E0%A4%B0%E0%A5%80%E0%A4%A8
सैल्मन,#ff8c69,https://hi.wikipedia.org/wiki/%E0%A4%A8%E0%A4%BE%E0%A4%B0%E0%A4%82%E0%A4%97%E0%A5%80_(%E0%A4%B0%E0%A4%82%E0%A4%97)#%E0%A4%AE%E0%A4%A7%E0%A5%8D%E0%A4%AF%E0%A4%AE_%E0%A4%B8%E0%A4%BE%E0%A4%B2%E0%A5%8D%E0%A4%AE%E0%A4%A8
स्कूल बस पीला,#ffd800,https://hi.wikipedia.org/wiki/%E0%A4%AA%E0%A5%80%E0%A4%B2%E0%A4%BE#%E0%A4%B8%E0%A5%8D%E0%A4%95%E0%A5%82%E0%A4%B2_%E0%A4%AC%E0%A4%B8_%E0%A4%AA%E0%A5%80%E0%A4%B2%E0%A4%BE
स्लेट्आ ग्रे,#708090,https://hi.wikipedia.org/wiki/%E0%A4%B8%E0%A4%B2%E0%A5%87%E0%A4%9F%E0%A5%80
स्वर्णाम्र,#ec5800,https://hi.wikipedia.org/wiki/%E0%A4%B8%E0%A5%8D%E0%A4%B5%E0%A4%B0%E0%A5%8D%E0%A4%A3%E0%A4%BE%E0%A4%AE%E0%A5%8D%E0%A4%B0_(%E0%A4%B0%E0%A4%82%E0%A4%97)
हरा,#01fe01,https://hi.wikipedia.org/wiki/%E0%A4%B9%E0%A4%B0%E0%A4%BE
हरा HTML/CSS,#018101,https://hi.wikipedia.org/wiki/%E0%A4%B9%E0%A4%B0%E0%A4%BE#HTML/CSS_%E0%A4%AE%E0%A5%87
हरा#छलावरण हरा,#78866b,https://hi.wikipedia.org/wiki/%E0%A4%B9%E0%A4%B0%E0%A4%BE#%E0%A4%9B%E0%A4%B2%E0%A4%BE%E0%A4%B5%E0%A4%B0%E0%A4%A3_%E0%A4%B9%E0%A4%B0%E0%A4%BE
हरिताश्म,#00a86b,https://hi.wikipedia.org/wiki/%E0%A4%B9%E0%A4%B0%E0%A4%BF%E0%A4%A4%E0%A4%BE%E0%A4%B6%E0%A5%8D%E0%A4%AE_(%E0%A4%B0%E0%A4%82%E0%A4%97)
हलका खाकी,#f0e68c,https://hi.wikipedia.org/wiki/%E0%A4%B9%E0%A4%B2%E0%A4%95%E0%A4%BE_%E0%A4%96%E0%A4%BE%E0%A4%95%E0%A5%80
हलका बैंगनी,#990066,https://hi.wikipedia.org/wiki/%E0%A4%B9%E0%A4%B2%E0%A4%95%E0%A4%BE_%E0%A4%AC%E0%A5%88%E0%A4%82%E0%A4%97%E0%A4%A8%E0%A5%80
हल्का नीला,#add8e6,https://hi.wikipedia.org/wiki/%E0%A4%B9%E0%A4%B2%E0%A5%8D%E0%A4%95%E0%A4%BE_%E0%A4%A8%E0%A5%80%E0%A4%B2%E0%A4%BE
हार्लेक्वीन,#3fff00,https://hi.wikipedia.org/wiki/%E0%A4%B9%E0%A4%BE%E0%A4%B0%E0%A5%8D%E0%A4%B2%E0%A5%87%E0%A4%95%E0%A5%8D%E0%A4%B5%E0%A5%80%E0%A4%A8_(%E0%A4%B0%E0%A4%82%E0%A4%97)
हैन पर्पल,#5218fa,https://hi.wikipedia.org/wiki/%E0%A4%B9%E0%A5%88%E0%A4%A8_%E0%A4%AA%E0%A4%B0%E0%A5%8D%E0%A4%AA%E0%A4%B2
हैलिओट्रोप,#df73ff,https://hi.wikipedia.org/wiki/%E0%A4%B9%E0%A5%88%E0%A4%B2%E0%A4%BF%E0%A4%93%E0%A4%9F%E0%A5%8D%E0%A4%B0%E0%A5%8B%E0%A4%AA_(%E0%A4%B0%E0%A4%82%E0%A4%97)
हौलीवुड सेराइज़,#f400a1,https://hi.wikipedia.org/wiki/%E0%A4%B9%E0%A5%8C%E0%A4%B2%E0%A5%80%E0%A4%B5%E0%A5%81%E0%A4%A1_%E0%A4%B8%E0%A5%87%E0%A4%B0%E0%A4%BE%E0%A4%87%E0%A4%9C%E0%A4%BC